record_id,project_id,features,feature_owner,function,domain,status,mode,milestone,function_owner,estimation_type,q1,q2,q3,q4,q5,q6,q7,q8,q9,q10,q11,q12,q13,total_till_prq
1,2,BSP Integration,KH,Horizontal,Linux Driver,Yes,Heavy,PO,Arvind,HC,0,0,0.25,0.25,1,1,1,1,1,1,1,1,1,9.5
2,2,Triage/CI,KA,Horizontal,Linux Driver,Yes,Heavy,PO,Arvind,HC,0,0,0,0,,1,1,1,1,1,1,1,1,8
3,2,Kernel,Mohan,Horizontal,Linux Driver,Yes,Heavy,PO,Paul Mei,HC,0,0,0.25,0.25,1,1,1,1,1,1,1,1,1,9.5
4,2,Integration,Horizontal,Integration,Windows Server,Yes,Heavy,PO,Arvind,HC,0,0,0,0,,1,1,1,1,1,1,0,0,6
5,2,BSP,Mohan,Development,Firmware,Yes,Heavy,PO,Mike Sai,HC,0,0,0,0.5,1,1,2,3,3,3,3,3,2,21.5
6,2,FuSA FW,Mohan,Development,Firmware,No,Heavy,PO,Sridhar,HC,0,0,0,0,1,3,3,3,3,2,2,1,0.5,18.5
7,2,PSE FW,Mohan,Development,Firmware,No,Heavy,PO,Sridhar,HC,0,0,0,0,0.5,1,2,2,2,2,2,1,0.5,13
8,2,Linux I/O,Mohan,Development,Linux Driver,Yes,Heavy,PO,DM,HC,0,0,0.25,0.35,0.5,2,2,2,2,2,2,2,2,17
9,2,BSP Integration,Mohan,Horizontal,Linux-Yocto BSP,Yes,Medium,PO,Arvind,HC,0,0,0,0.25,0.5,1.2,1.2,1.2,1.2,1.2,1.2,0,0,7.95
10,2,Kernel,Mohan,Horizontal,Linux-Yocto BSP,Yes,Medium,PO,Paul Mei,HC,0,0,0.25,0.25,1,1,1,1,1,1,1,0,0,7.5
11,2,Integration,Mohan,Horizontal,Windows Server,Yes,Medium,PO,Arvind,HC,0,0,0,0,0,1,1,1,1,1,1,0,0,6
12,2,Q&R,Mohan,Horizontal,Core team,Yes,Medium,PO,Ravi,HC,0,0,0,0,0.2,0.25,0.25,0.25,0.25,0.25,0.25,0,0,1.7
13,2,BIOS Val,Mohan,Validation,Firmware,Yes,Heavy,PO,KH,HC,0,0,0,0,0.25,0.5,0.75,0.75,0.75,0.75,0.75,0.75,0.5,5.75
14,2,FuSa FW Val,Mohan,Validation,Firmware,No,Heavy,PO,Ritu A,HC,0,0,0,0,1,2,2,3,3,3,3,3,3,23
15,2,Component Val-SRIOV,Mohan,Validation,Linux-Yocto BSP,Yes,Heavy,PO,KH,HC,0,0,0,0,0,0.5,3,3,3,3,3,3,1.5,20
16,2,Platform System Validation,Mohan,Validation,Validation(Jacky),Yes,Heavy,PO,Jacky,HC,0,0,0,0,0.5,2,2,2,2,2,2,2,1,14